HP,MPG,VOL,SP,WT
49,53.700681,89,104.185353,28.762059
55,50.013401,92,105.461264,30.466833
55,50.013401,92,105.461264,30.193597
70,45.696322,92,113.461264,30.632114
53,50.504232,92,104.461264,29.889149
70,45.696322,89,113.185353,29.591768
55,50.013401,92,105.461264,30.30848
62,46.716554,50,102.598513,15.847758
62,46.716554,50,102.598513,16.359484
80,42.299078,94,115.645204,30.920154
73,44.652834,89,111.185353,29.363341
92,39.354094,50,117.598513,15.753535
92,39.354094,99,122.105055,32.813592
73,44.652834,89,111.185353,29.378436
66,45.734893,89,108.185353,29.347279
73,44.652834,89,111.185353,29.604527
78,42.789909,91,114.369293,29.535784
92,39.354094,50,117.598513,16.194122
78,42.789909,91,114.369293,29.929394
90,38.901834,103,118.472936,33.516974
92,38.411003,99,119.105055,32.32465
74,42.828479,107,110.840817,34.908211
95,38.310606,101,120.288996,32.675828
81,40.474723,96,113.829145,31.837122
95,38.310606,89,119.185353,28.781728
92,38.411003,50,114.598513,16.043175
92,38.411003,117,120.76052,38.062823
92,38.411003,99,119.105055,32.835069
52,43.469434,104,99.564907,34.483207
103,35.404192,107,121.840817,35.54936
84,39.431235,114,113.484609,37.04235
84,39.431235,101,112.288996,33.234361
102,36.285456,97,119.921115,31.380041
102,36.285456,113,121.392639,37.57329
81,39.531633,101,111.288996,32.701644
90,37.958743,98,115.013085,31.911223
90,37.958743,88,114.093383,28.754
102,34.070668,86,116.909442,27.879915
102,34.070668,86,116.909442,28.630502
130,31.014131,92,128.461264,30.115434
95,35.152727,113,116.392639,37.392524
95,35.152727,106,115.748847,35.027176
102,34.070668,92,117.461264,30.527427
95,35.152727,88,114.093383,28.343976
93,35.643558,102,114.380966,33.078632
100,34.561499,99,117.105055,32.621916
100,34.561499,111,118.208698,36.498617
98,35.05233,103,116.472936,33.910056
130,31.014131,86,127.909442,28.070597
115,29.629936,101,118.288996,33.458472
115,29.629936,101,118.288996,33.213954
115,29.629936,101,118.288996,33.436711
115,29.629936,124,120.404312,40.398164
180,24.487367,113,143.392639,37.620695
160,26.852279,113,135.392639,37.254392
130,27.856252,124,126.404312,40.589068
96,31.113584,92,110.461264,30.147543
115,29.629936,101,118.288996,32.734518
100,30.131923,94,112.645204,30.615283
100,28.860225,115,115.576579,37.662874
145,27.354265,111,130.208698,36.888153
120,24.609132,116,117.66855,37.860411
140,23.515917,131,126.048103,43.390988
140,23.515917,123,125.312342,40.722831
150,23.605158,121,128.128401,40.159482
165,40.05,50,126.598513,15.712859
165,23.103172,114,132.484609,37.979956
165,23.103172,127,133.680223,41.573975
165,23.103172,123,133.312342,40.472042
245,21.273708,112,158.300669,37.141733
280,19.678507,50,164.598513,15.82306
162,23.203569,135,133.415985,44.013139
162,23.203569,132,133.140074,43.353123
140,19.086341,160,124.715241,52.997752
140,19.086341,129,121.864163,42.618698
175,18.762837,129,132.864163,42.778219
322,36.9,50,169.598513,16.132947
238,19.197888,115,150.576579,37.923113
263,34.0,50,151.598513,15.769625
295,19.833733,119,167.94446,39.423099
236,12.101263,107,139.840817,34.948615
